{
  "starting_bankroll": 1000,
  "current_bankroll": 842.4950305734579,
  "total_bets": 20,
  "wins": 0,
  "losses": 0,
  "total_wagered": 302.1286857815033,
  "total_profit": 0,
  "started_at": "2026-02-14T07:23:56.444775+00:00"
}