{
  "strategy": "80-90\u00a2 range",
  "mean": 1448.6036130237162,
  "median": 1447.7475758681167,
  "std": 194.4343448441305,
  "min": 759.1901701208075,
  "max": 2119.3228485779605,
  "prob_profit": 0.993,
  "prob_double": 0.0017,
  "prob_ruin": 0.0,
  "sharpe": 2.307224134621597,
  "p5": 1137.2113226684182,
  "p95": 1779.060139726927,
  "expected_return": 448.6036130237162,
  "expected_return_pct": 44.86036130237161,
  "kelly_full": 0.49333333333333373,
  "kelly_used": 0.12333333333333343,
  "edge": 0.074,
  "win_rate": 0.924,
  "sample_size": 3497
}