{
  "mean": 7183.849675394835,
  "median": 5657.778214873277,
  "std": 5591.609692354983,
  "min": 503.0179250435094,
  "max": 89572.330262629,
  "prob_profit": 0.9947,
  "prob_double": 0.9385,
  "prob_ruin": 0.0,
  "sharpe": 1.1059158302571763,
  "p5": 1872.597121018078,
  "p95": 17389.20782292941,
  "expected_return": 6183.849675394835,
  "expected_return_pct": 618.3849675394835
}