{
  "0-5%": {
    "n": 3505,
    "expected": 2.5,
    "actual": 2.1968616262482166,
    "edge": -0.3031383737517834,
    "p_value": 0.2788687473691064
  },
  "5-10%": {
    "n": 2589,
    "expected": 7.5,
    "actual": 3.7079953650057935,
    "edge": -3.792004634994206,
    "p_value": 1.2948980041684469e-15
  },
  "10-20%": {
    "n": 4136,
    "expected": 15.0,
    "actual": 8.341392649903288,
    "edge": -6.658607350096711,
    "p_value": 4.775150860036793e-38
  },
  "20-30%": {
    "n": 3740,
    "expected": 25.0,
    "actual": 19.732620320855617,
    "edge": -5.267379679144385,
    "p_value": 2.5275824506393287e-14
  },
  "30-40%": {
    "n": 4383,
    "expected": 35.0,
    "actual": 27.424138717773218,
    "edge": -7.575861282226781,
    "p_value": 8.91598694492805e-27
  },
  "40-50%": {
    "n": 2755,
    "expected": 45.0,
    "actual": 52.885662431941924,
    "edge": 7.885662431941926,
    "p_value": 1.1486894900137035e-16
  },
  "50-60%": {
    "n": 3158,
    "expected": 55.00000000000001,
    "actual": 51.488283723875874,
    "edge": -3.5117162761241327,
    "p_value": 7.692977011764235e-05
  },
  "60-70%": {
    "n": 3095,
    "expected": 65.0,
    "actual": 65.81583198707592,
    "edge": 0.8158319870759212,
    "p_value": 0.3461559214896506
  },
  "70-80%": {
    "n": 3093,
    "expected": 75.0,
    "actual": 78.14419657290657,
    "edge": 3.1441965729065657,
    "p_value": 4.66789519974738e-05
  },
  "80-90%": {
    "n": 3497,
    "expected": 85.0,
    "actual": 92.39348012582214,
    "edge": 7.393480125822139,
    "p_value": 2.159928771817354e-40
  },
  "90-100%": {
    "n": 7292,
    "expected": 95.0,
    "actual": 97.12013165112452,
    "edge": 2.120131651124524,
    "p_value": 3.480547993217243e-19
  }
}